{
  "solids": ["S1"],
  "rhoIni": [100],
  "reactions": [
                {"S1" : "Gas1"}
                ],
  "parameters": [
                {"E": 214741.04951736418, "A": 14.693659863528561,  "n": 2.041839287068016, "F":0.23440717893140592,  "g":[1]}
                ]
}

