{
  "solids": ["S1"],
  "rhoIni": [100],
  "reactions": [
                {"S1" : "Gas1"}
                ],
  "parameters": [
                {"E": 166003.88759390288, "A": 10.377687046363285,  "n": 4.752062617061984, "F":0.2799479566676158, "Kcat":0.8822727638400834, "g":[1]}
                ]
}

